Tweet_ID,Tweet_Text,Created_At
1898044173355196526,RT @Kasparov63: Artificial intelligence canâ€™t save us from natural stupidity.,2025-03-07 16:12:49+00:00
1898044166443003943,"@Chain_GPT Using artificial intelligence assistants, we can improve customer experience and make better customer relationships.",2025-03-07 16:12:47+00:00
1898044164706619552,RT @Kasparov63: Artificial intelligence canâ€™t save us from natural stupidity.,2025-03-07 16:12:47+00:00
1898044153323229596,"RT @MarioNawfal: ðŸš¨ðŸ‡ºðŸ‡¸ U.S. TO USE AI TO REVOKE VISAS OF FOREIGN STUDENTS DEEMED HAMAS SUPPORTERS

The State Department will deploy artificiaâ€¦",2025-03-07 16:12:44+00:00
1898044139112996978,"RT @Ronycoder: Are you struggling to pay a huge amount on paid courses?

I'm giving you access to 20+ FREE Courses

1. Artificial Intelligeâ€¦",2025-03-07 16:12:41+00:00
1898044109001986182,"RT @Ronycoder: Are you struggling to pay a huge amount on paid courses?

I'm giving you access to 20+ FREE Courses

1. Artificial Intelligeâ€¦",2025-03-07 16:12:34+00:00
1898044090802897055,"RT @divyansh_sriva: Artificial General Intelligence (AGI) is on the horizonâ€”an intelligence that learns, adapts, and thinks like us. The quâ€¦",2025-03-07 16:12:29+00:00
1898044083127435485,"RT @Ronycoder: Are you struggling to pay a huge amount on paid courses?

I'm giving you access to 20+ FREE Courses

1. Artificial Intelligeâ€¦",2025-03-07 16:12:28+00:00
1898044081999089741,@grok we are in for a real explosion of innovation! What do you think about the integration of NFTs based on artificial intelligence?? @OctonetAI @aeyakovenko @0xMert #billion #CRYPTO #CryptoNews #CryptoPump,2025-03-07 16:12:27+00:00
1898044078710837689,"@FBIBoston Making a huge difference guys... we the people thank you! You're a great example of the race to bust unethical use of technology and *AIFAS* Artificial Intelligence Facilitated Abuse&amp;Stalking. 
#FBIBoston",2025-03-07 16:12:26+00:00
